{
  "total_functions_generated": 600,
  "dataset_generation_time_s": 0.4986419677734375,
  "model_training_time_s": 0.4180290699005127,
  "total_project_execution_time_s": 0.9177672863006592,
  "decision_tree_accuracy": 0.47333333333333333,
  "random_forest_accuracy": 0.5533333333333333,
  "feature_names": [
    "d2f_to_df_ratio",
    "dim",
    "extrema_count",
    "has_singularity",
    "max_abs_d2f",
    "max_abs_df",
    "max_abs_y",
    "max_to_mean_d2f",
    "max_to_mean_df",
    "mean_abs_d2f",
    "mean_abs_df",
    "mean_boundary_diff",
    "mean_y",
    "min_abs_y",
    "range_y",
    "std_range_ratio",
    "std_y",
    "volume"
  ],
  "rf_feature_importances": [
    0.06338252538158523,
    0.1239019957414779,
    0.034718335870620516,
    0.0,
    0.0536797893391924,
    0.041375026599495,
    0.047546898870692314,
    0.13128178312540928,
    0.07348946943748844,
    0.037178752819289056,
    0.044903734657677094,
    0.04969933723630606,
    0.04107970950647036,
    0.038498588428590545,
    0.04135322148964483,
    0.07752575825222613,
    0.03402124587332855,
    0.06636382737050626
  ],
  "methods_mapping": [
    "trapezoidal",
    "simpson",
    "romberg",
    "monte_carlo"
  ]
}